Nome,Numero,CPF,Endereco
Marina Ribeiro,0900 145 8316,135.908.627-77,"Estrada de Albuquerque, 3, Vila Nova Gameleira 2ª Seção, 14980032 Fogaça da Mata / TO"
Maria Julia Caldeira,+55 81 0704-5986,839.720.415-60,"Quadra Vieira, 53, Teixeira Dias, 38987482 Rezende da Mata / RR"
Maria Clara Campos,51 0650 6372,123.705.469-99,"Esplanada Silveira, 74, Ouro Minas, 70469141 Guerra do Sul / RR"
Stephany Lopes,41 8023-9362,364.957.201-06,"Via de Oliveira, 1, Aguas Claras, 53142-358 da Conceição / RN"
Ana Lívia Souza,(051) 0318 9411,324.718.096-69,"Vereda de Gomes, Ermelinda, 06286583 Alves / DF"
Diego Silveira,+55 11 7205 9442,328.751.460-17,"Viaduto Cassiano, 615, Eymard, 66926-326 Pacheco de Pacheco / RR"
Augusto Nascimento,+55 51 2625 1924,167.054.923-25,"Esplanada das Neves, Barreiro, 07056704 Peixoto do Amparo / MA"
Davi Lucas Sousa,+55 (071) 8705 7112,538.791.264-37,"Trecho Macedo, São Vicente, 28398282 Barros do Norte / SP"
João Miguel Novaes,+55 61 3899 2428,317.452.960-34,"Favela de Borges, 51, Caiçaras, 29522-139 Duarte de Porto / PB"
Sra. Aylla Martins,+55 (051) 4224-7102,715.038.962-77,"Avenida de Silveira, Copacabana, 28790-288 Moreira / SC"
Milena Gomes,+55 31 8562 3850,832.941.756-55,"Viaduto de Sampaio, 80, Nossa Senhora Do Rosário, 58146-689 Gomes da Praia / BA"
Giovanna Mendonça,+55 (021) 7051 4989,419.756.238-19,"Quadra de Melo, 20, Mineirão, 54789-618 Azevedo do Campo / SP"
Dr. Luan Nunes,0900-677-9347,187.946.025-49,"Campo Aylla da Mata, Caiçara - Adelaide, 47502-738 Aparecida de Sales / MA"
Ana Lívia Campos,+55 11 6751 0526,128.370.496-03,"Travessa Brayan Lopes, 76, Conjunto Serra Verde, 22294-608 Novais / MT"
Dr. Davi Lucas da Mota,41 8860-6885,932.684.507-92,"Via de Cardoso, 65, Conjunto Taquaril, 47978755 Mendes de Sousa / PA"
Benjamin Jesus,(071) 0792 9997,768.503.921-40,"Loteamento Maitê Câmara, 77, Pindorama, 47359196 Vasconcelos de Minas / GO"
Vitor Hugo Borges,(051) 1319-0115,187.096.435-75,"Campo José Pedro Pereira, 33, Vila Esplanada, 43295371 Machado / PE"
Nathan Garcia,+55 41 2716-0427,417.053.628-26,"Viaduto Léo Duarte, 895, Minas Brasil, 91177-111 Andrade / RO"
Breno Moraes,+55 84 6077-6550,695.208.374-00,"Estação de Aparecida, 4, Nossa Senhora Da Conceição, 69078222 Sousa / SP"
Maya da Luz,+55 (071) 4274 0342,629.713.054-06,"Feira Martins, 31, Vila Petropolis, 29272-456 Vieira do Galho / MA"
Fernanda Rezende,+55 71 0080-9690,361.825.047-90,"Núcleo da Cunha, 79, Barão Homem De Melo 3ª Seção, 81737-751 Correia do Oeste / DF"
Sr. Thales Pacheco,+55 81 9295-4205,546.317.902-61,"Via Campos, 29, Miramar, 06162676 Nogueira / AM"
João Cunha,0900 752 2547,162.534.870-35,"Morro Lorena Castro, 4, Andiroba, 02930342 Leão da Prata / SC"
Heloisa Silveira,+55 84 7793 9580,978.146.520-49,"Colônia de Rodrigues, 64, Biquinhas, 76244-904 Fonseca de Gomes / PE"
Dra. Gabrielly Duarte,+55 (061) 0167-9104,410.583.692-70,"Vale Pinto, Vila Nova Gameleira 3ª Seção, 52545723 Correia / RO"
Davi Miguel Nunes,(041) 3633 9117,819.237.460-22,"Rua Peixoto, 41, Parque São Pedro, 58719-061 da Cruz / ES"
Maria Luísa Peixoto,51 9887 4306,234.085.976-00,"Rua Emanuella Nascimento, 2, Nova Vista, 04149-373 Aragão / GO"
Lucas Gabriel Martins,(071) 6194-8349,128.374.609-31,"Vereda de Nogueira, 25, Conjunto Novo Dom Bosco, 35743-090 Pimenta do Norte / GO"
João Garcia,+55 (081) 4038-3478,197.580.246-20,"Largo Yago Azevedo, 3, Vila Nova, 27712-142 Guerra / PR"
Ana Sophia Moraes,(021) 0397-4920,369.514.087-93,"Viela Caldeira, 36, Urca, 33286141 Correia de Farias / PA"
Dra. Lorena Aragão,+55 11 6799-5743,185.304.729-50,"Aeroporto Vieira, 76, Vila Nossa Senhora Do Rosário, 98862815 Pastor do Oeste / AM"
Letícia Novaes,+55 41 9812-2564,184.673.209-31,"Vereda Gomes, 52, Morro Dos Macacos, 46076-698 Lima / MA"
Luana Dias,+55 51 9255 4796,849.275.316-19,"Condomínio de Santos, 18, Vila Betânia, 90364-081 Albuquerque do Amparo / RS"
Dra. Larissa Castro,(071) 3368 9922,403.165.928-89,"Via de Sampaio, 48, Bonfim, 29913-250 Araújo do Galho / CE"
Léo Aragão,(011) 5781 9553,157.893.604-75,"Ladeira Rezende, 72, Santa Cruz, 72908-814 Cavalcante de Viana / RR"
Carlos Eduardo Cavalcante,+55 11 6416 3557,516.308.974-93,"Área Alexandre Porto, Boa União 2ª Seção, 77350-108 Moraes / ES"
Diogo Melo,+55 61 0981-6710,076.548.132-44,"Morro de Costela, 4, Conjunto Bonsucesso, 22759-874 Melo / MA"
Mathias Melo,31 8066-2583,875.496.203-00,"Vereda de Fernandes, 20, Jardim Dos Comerciarios, 96904265 Pacheco Grande / AP"
Sra. Ana Julia Vasconcelos,+55 21 3536-2753,481.067.253-08,"Pátio Sales, Conjunto Santa Maria, 16639-188 da Costa / PB"
Ana Vitória Montenegro,+55 41 9783-3340,870.694.351-93,"Vereda Souza, São Damião, 84013-566 Machado / AL"
Henry Rocha,+55 84 5993-9619,462.153.709-16,"Ladeira Bruno Novaes, 709, Cônego Pinheiro 2ª Seção, 30816934 Marques / AM"
Júlia Souza,+55 51 2078 0484,453.972.601-34,"Sítio de Brito, 24, Grotinha, 04843-905 Silveira / RR"
Aylla Sá,61 3015 6809,274.853.169-82,"Lagoa Costa, 85, Pirineus, 00958-156 da Mata / MG"
Luísa Marques,+55 (031) 0568 2496,305.489.726-56,"Recanto Enzo Cavalcante, Santa Cecilia, 39773-067 Pires da Praia / DF"
Bento Viana,31 3296 9861,649.375.018-01,"Rua de Pires, 24, Silveira, 82498012 Freitas da Serra / AC"
Maria Vitória Ribeiro,0800 841 6520,592.160.874-20,"Pátio Vinicius Moraes, 23, Paquetá, 58238-737 Cassiano / GO"
Mariane Costela,81 1234-7957,019.482.536-15,"Condomínio Vieira, 758, Floresta, 38604-193 Araújo de Lima / RS"
Dra. Maria Helena da Rocha,0900-484-7590,062.148.937-96,"Travessa de Fonseca, 1, Inconfidência, 02818-037 Lima das Flores / BA"
Caio Rocha,11 5999 7918,925.438.716-91,"Viaduto de Garcia, Apolonia, 91678204 Cirino do Amparo / AL"
Henry Gabriel Aragão,(021) 6362 4869,793.286.145-46,"Ladeira Cavalcanti, 600, Ouro Minas, 53836-278 da Costa / DF"
Helena Moura,31 0535 6321,159.207.483-97,"Estação de da Rosa, 8, São Gabriel, 35042-116 da Mota das Pedras / PA"
Isabelly Mendes,(081) 6048 2933,325.706.914-61,"Vereda Arthur Gabriel Alves, 26, Caiçara - Adelaide, 32602602 Carvalho / RS"
Mariana Sales,+55 (031) 6981-9705,529.304.871-60,"Ladeira Peixoto, 53, Oeste, 51498066 Nascimento de Mendonça / PI"
Murilo Albuquerque,+55 61 2912-1481,910.264.578-58,"Esplanada Luiz Miguel Almeida, 67, Serra Verde, 59697-069 Fogaça Paulista / BA"
Dra. Natália da Costa,+55 61 8294-3922,805.647.923-65,"Estrada Pacheco, 639, Copacabana, 75482-228 Ramos de Ramos / MT"
Brayan Farias,0300-999-7173,391.750.628-95,"Favela Alves, 93, Vila Bandeirantes, 75967-864 Melo do Oeste / AP"
Nina Rios,0800-669-0656,729.318.504-97,"Alameda de Castro, 15, Pousada Santo Antonio, 28742-543 da Cruz / SE"
Sra. Eloá Santos,0500 021 6006,376.058.219-21,"Ladeira Ana Luiza Castro, 67, São Francisco Das Chagas, 60735-115 Aparecida / PA"
Luiza Araújo,+55 (071) 4025-7680,436.287.015-62,"Via de Peixoto, 6, Marmiteiros, 38486-383 Lopes / RO"
Marcela Araújo,81 8677 4110,379.410.562-16,"Estação de Cunha, 34, Vila Ipiranga, 48392-165 Fonseca da Serra / ES"
Srta. Rebeca Gonçalves,(051) 9411-8718,386.154.729-55,"Sítio Isadora Ribeiro, 77, Santa Maria, 88508-503 Macedo / SE"
Clarice Alves,+55 61 4436-5085,073.824.916-50,"Viela da Conceição, 34, Vila União, 76071832 da Luz de Borges / CE"
Enzo Gabriel Garcia,+55 (021) 8717 2023,790.536.481-00,"Via Aylla Leão, Minaslandia, 64955931 Pereira da Mata / MA"
Alice Camargo,+55 21 6120 8522,253.170.869-30,"Colônia de Peixoto, 101, Nova Suíça, 00277815 Silveira / CE"
Luna Cunha,31 0378-6808,375.190.862-59,"Alameda Renan Barbosa, 42, Cabana Do Pai Tomás, 53007-875 Azevedo / MS"
Rhavi Mendes,0300-994-2871,975.362.401-80,"Chácara Cunha, Vila Santa Rosa, 63834-204 Machado de da Mota / SP"
Thiago Ramos,+55 (081) 3076-0373,285.476.309-29,"Quadra de Moreira, 40, Santa Rita, 29174-352 Porto / CE"
Vinícius Mendonça,11 9153 9568,253.170.864-26,"Setor Augusto Fogaça, 80, Nossa Senhora De Fátima, 62849181 Casa Grande / SE"
Rebeca Macedo,+55 (061) 5524 0491,692.840.375-65,"Rua das Neves, 54, Bom Jesus, 47574-927 Pacheco / DF"
Júlia Melo,+55 51 7433 6986,369.501.824-06,"Parque de Viana, 89, Alto Dos Pinheiros, 67298-385 Dias / MT"
Oliver Farias,+55 (031) 8678 8847,860.134.925-06,"Quadra de Moraes, 71, Diamante, 77816920 Gomes dos Dourados / AM"
Dr. Rafael Lima,+55 (071) 0872-0077,653.721.840-35,"Ladeira Oliveira, 13, Planalto, 11606840 Marques / CE"
Sr. João Felipe Montenegro,+55 81 0830 1143,043.182.795-88,"Praia da Cruz, 11, Milionario, 70735-016 Caldeira das Flores / DF"
Maya Costela,(041) 1094 6351,046.185.392-24,"Distrito Levi Almeida, Varzea Da Palma, 12363704 Castro / MG"
Luiza Costela,71 9437 6130,382.750.194-60,"Travessa de Lima, 31, São Geraldo, 32024124 Mendes do Oeste / PR"
Theo Monteiro,(061) 1276-9848,693.154.802-60,"Esplanada Correia, 299, Túnel De Ibirité, 40898133 Nascimento / RO"
Luiz Miguel Casa Grande,+55 (011) 9762 6289,358.129.604-70,"Viaduto Vasconcelos, 35, Carmo, 86352150 Monteiro do Norte / TO"
Nicolas Moraes,+55 (041) 0811 5038,605.314.879-20,"Lago Cardoso, Goiania, 69407063 Siqueira da Mata / RJ"
Maria Júlia Cavalcanti,21 6319 8492,389.742.561-00,"Morro de Fonseca, 3, Carmo, 78746524 Correia / SC"
Dr. Antônio Macedo,+55 (081) 6592-6118,309.715.826-02,"Vila Cunha, 88, Olhos D'água, 80573-317 Pacheco das Flores / MT"
Dr. Raul Martins,+55 (051) 5532-4968,239.106.784-40,"Vereda Aragão, 89, Vila Da Amizade, 81623-580 Sousa / MT"
Sr. Anthony Moraes,+55 11 7996-9878,386.709.241-96,"Ladeira de Marques, 8, Santa Cecilia, 66606-819 Sá / ES"
Davi Lucas Rocha,+55 (041) 5706 4360,216.093.748-78,"Aeroporto Sousa, 72, Jaqueline, 58607-984 Carvalho / PB"
Dra. Sarah da Conceição,0900 879 6937,835.140.796-84,"Trevo de Cassiano, 88, Acaba Mundo, 83555525 da Mota Paulista / ES"
Otávio Correia,0500 478 5748,426.083.759-10,"Praia Ribeiro, 33, Capitão Eduardo, 54255-825 Nascimento / PE"
Maria Helena Pimenta,71 3432 0443,019.765.423-16,"Jardim Levi Aparecida, 644, Cidade Jardim, 43499920 Santos Grande / SE"
Stephany Mendes,+55 (061) 9471 4921,296.354.180-51,"Esplanada Maria Alice Novaes, 42, Vila São Dimas, 61338-659 Rodrigues do Galho / AM"
Maya Rodrigues,31 8883-1502,142.679.380-40,"Colônia de da Luz, 22, Estoril, 37435-882 Castro dos Dourados / MA"
Vinícius Pacheco,+55 (041) 4241-5935,148.075.692-01,"Passarela de Pastor, 817, Álvaro Camargos, 70350-656 Farias do Sul / AC"
Marcos Vinicius Moreira,+55 (041) 1599 7385,853.021.976-77,"Pátio Camargo, Conjunto Serra Verde, 39529-202 Alves / SC"
Pedro Henrique da Cruz,+55 (051) 5859 0400,821.407.359-60,"Conjunto de Castro, 46, Santa Rosa, 63671-733 Oliveira / MA"
Srta. Evelyn Camargo,+55 51 5474 6286,972.653.184-55,"Setor de da Mota, 264, Nova Pampulha, 64200780 Rezende / AC"
João Gabriel Azevedo,(021) 7822 7995,862.319.470-50,"Ladeira de Souza, 48, Vila Coqueiral, 22905-522 Casa Grande / MT"
Júlia Gomes,+55 84 3975-9571,476.539.102-70,"Campo Letícia Azevedo, 36, Vila Real 2ª Seção, 90681-283 Cavalcante / BA"
Sr. Fernando Ribeiro,81 5048-5482,398.470.126-87,"Esplanada de Pereira, 87, Frei Leopoldo, 51922653 Barros / MG"
Amanda Nogueira,0300-252-4852,306.298.471-69,"Estação de Araújo, 54, Chácara Leonina, 09896-184 Sales / PE"
Maria Laura Silva,+55 61 9464-5863,936.014.257-34,"Chácara Macedo, 89, Parque São José, 39606-654 Casa Grande / MA"
Ana Carolina Sá,+55 (021) 5264-5743,851.203.694-05,"Morro Gabrielly Camargo, 9, Vila Bandeirantes, 41692840 das Neves / PR"
Igor Cavalcante,+55 21 3426-8127,846.712.350-80,"Praia Alice Freitas, 59, Vila Barragem Santa Lúcia, 85285-168 Casa Grande do Sul / SC"
André da Rosa,+55 41 0387 5829,896.275.340-56,"Alameda Maria Helena Lima, 5, São Sebastião, 27384-299 Moraes / RO"
Isabela Barros,+55 (021) 1598-0771,921.765.438-82,"Vale Luiz Felipe Moraes, 92, Manacas, 22042-383 Silveira / CE"
Caroline Casa Grande,+55 (051) 0708 0440,483.061.975-93,"Largo Allana Alves, 62, Grajaú, 47945-413 Pinto de Correia / MA"
Srta. Antonella Fernandes,(011) 8103-5480,701.539.426-06,"Recanto Costela, 207, Vila Cloris, 39536-145 Sales da Mata / PA"
Isabella da Mota,(084) 1837 2490,314.769.025-34,"Área Maria Liz Rocha, 1, Maria Tereza, 85707567 da Luz de Pacheco / GO"
Ryan Costela,(051) 7207 6814,546.192.087-01,"Estrada Bento Machado, 62, Álvaro Camargos, 18507961 Mendes / PR"
Sra. Maria Cecília Dias,84 7954 6298,938.612.054-24,"Loteamento Clara Rodrigues, 5, Conjunto São Francisco De Assis, 82262-153 Cardoso / ES"
Miguel Ferreira,81 1551-9730,271.590.348-05,"Setor de Vargas, Cruzeiro, 25395-715 da Mata / MA"
Esther Cirino,+55 21 0971-6723,273.148.065-35,"Esplanada de Nogueira, Goiania, 46672-957 Pastor / RR"
Luigi Campos,+55 71 0159-1465,108.624.375-71,"Via de da Rocha, 1, Vila Olhos D'água, 40884-692 da Costa / MS"
Caroline Moura,61 5048 0818,263.170.945-43,"Feira Costela, 49, Vila Nova Dos Milionarios, 14968614 Lima / MT"
João Gabriel Guerra,11 7676 8512,251.730.948-50,"Campo Brito, 1, Santa Sofia, 27845580 da Mata da Praia / PR"
Hellena Barbosa,(031) 3877 3300,378.210.654-71,"Recanto de Silveira, Cachoeirinha, 09478-577 Rezende Paulista / MA"
João Vitor Novaes,+55 (061) 2178 0166,749.068.153-75,"Jardim Maria Eduarda Barros, 660, Beira Linha, 16267-863 Dias / SC"
Julia Gonçalves,+55 81 5917-1867,318.564.072-17,"Recanto Kaique Machado, 9, Leonina, 11401482 Freitas / RR"
Gustavo Henrique da Costa,+55 81 0154-4920,428.317.695-82,"Travessa Cardoso, Santa Helena, 72637-878 Aragão / MG"
Oliver Nogueira,0300 129 8890,495.071.862-20,"Aeroporto de Monteiro, 97, Ribeiro De Abreu, 62699-607 Almeida / RR"
Leandro Caldeira,+55 (041) 5570 5841,796.132.408-96,"Recanto Alexia Porto, 63, Pilar, 17275526 Aparecida / SE"
Luna Cirino,+55 31 0361 5004,651.742.830-53,"Viaduto Lucca Rios, 17, Jaqueline, 32063235 da Rosa da Praia / PA"
Dr. Daniel Machado,+55 71 9389 9961,954.270.168-30,"Trecho Peixoto, 44, Guaratã, 51529-325 da Cunha de Gonçalves / TO"
Maria Eduarda Camargo,(084) 8382 2669,934.752.601-07,"Loteamento de Pinto, 7, Paulo Vi, 59669-198 Pimenta de das Neves / AM"
Rebeca Rocha,+55 51 9300 3702,956.078.314-93,"Jardim Liz Cassiano, 32, Nossa Senhora De Fátima, 67828909 Cardoso / TO"
Sra. Stella Dias,+55 41 2061-6111,756.294.018-58,"Setor de Araújo, 271, São Vicente, 52001759 Nunes / GO"
Maria Clara Caldeira,0800 915 8350,541.028.937-41,"Sítio de Dias, 3, Minas Brasil, 27548-135 Gonçalves / PB"
Maria Julia Ramos,51 3888 5652,534.219.680-98,"Quadra Araújo, 84, Lagoinha, 13135317 Gonçalves Verde / MT"
Dr. Leonardo Santos,(081) 9380 2051,763.925.041-25,"Vereda Natália da Rosa, 86, Flavio De Oliveira, 83974-762 Caldeira dos Dourados / AC"
Agatha Brito,+55 (084) 6140-0068,731.205.984-88,"Fazenda Nunes, Novo Santa Cecilia, 97492043 Nunes / RO"
Maria Sophia Alves,+55 (031) 3261 5658,196.435.207-06,"Chácara de Dias, Santa Rita, 07332179 da Mata / AP"
Marcelo Montenegro,31 7321 7847,274.568.301-26,"Vereda Antony Pimenta, 60, Copacabana, 11183025 Cavalcanti Verde / PA"
Sr. Davi Luiz Sá,+55 (061) 9437-4939,265.483.109-42,"Área Heloisa Farias, 3, Pirineus, 36584-502 da Conceição de Carvalho / ES"
Gael da Mota,+55 84 0513-4283,938.015.762-21,"Setor Moraes, 83, Vila Maloca, 51087481 das Neves / RJ"
Oliver Caldeira,(061) 7625-9775,384.567.209-92,"Trevo Fernando Farias, 52, Vila Nova Cachoeirinha 3ª Seção, 42223215 Moura de Farias / PI"
Stephany Nogueira,84 5972 1764,102.984.357-05,"Viaduto de Rezende, 39, União, 20900038 Fonseca de Vargas / PR"
Erick da Cruz,(051) 0237-3181,120.538.476-62,"Rua de Teixeira, 90, Vila Boa Vista, 48745-636 Ramos / MG"
Hadassa Guerra,+55 (011) 3606 7001,542.830.716-17,"Recanto Cauê Dias, 217, Taquaril, 09959510 Costa / PR"
Ana Laura Almeida,41 6566 3823,715.083.946-01,"Campo Ana Lívia Barbosa, 57, Vila Santa Rosa, 88537-493 Montenegro / RS"
Oliver da Rocha,+55 81 2530-3969,518.960.347-48,"Estação Pastor, 26, Serra Do Curral, 78245179 Macedo / MG"
Lucas Brito,81 3475-4107,245.973.106-06,"Jardim Ana Luiza Araújo, Vila Piratininga, 33183877 Barbosa / PA"
Arthur Fernandes,84 5211-2449,204.318.659-06,"Residencial Sousa, 49, Casa Branca, 49124882 Vasconcelos do Galho / RR"
Kamilly da Rocha,(071) 9167 2786,720.819.546-30,"Loteamento Brayan Jesus, Conjunto Jatoba, 41756-539 Pimenta / MT"
Ana Laura da Luz,+55 (011) 4665 2859,261.849.570-58,"Alameda de Campos, 45, Vila Madre Gertrudes 4ª Seção, 33682127 Vasconcelos Grande / SC"
Sophie Casa Grande,+55 (061) 8201 6309,735.692.804-38,"Rua Yago Souza, 87, Vila Maloca, 69584-932 das Neves / BA"
Davi Lucas Cassiano,(021) 3586 8665,639.215.784-00,"Residencial Montenegro, 486, Santa Margarida, 42174-090 Camargo / PA"
Yan Andrade,(021) 7753-5749,251.784.960-94,"Jardim das Neves, 8, Nossa Senhora Aparecida, 34680-722 Pacheco / SP"
Brenda Martins,+55 (071) 6606-7192,590.267.841-20,"Área Maysa Ribeiro, 97, Lajedo, 30595869 Nunes / AM"
Ana Luiza Viana,11 4889-2252,914.260.785-01,"Jardim João Vitor Cassiano, 9, Mangabeiras, 64630-005 Aparecida / DF"
Luiz Felipe Novais,+55 (071) 1955-2433,029.785.416-01,"Aeroporto Pires, 61, Nossa Senhora Da Conceição, 97685714 Vieira / MS"
Nicole Pires,(021) 8618 7061,539.042.768-83,"Residencial Albuquerque, Vila Pinho, 24945841 Freitas / AL"
Maria Alice Garcia,41 7787-1865,248.713.960-96,"Viaduto da Mota, 67, Anchieta, 38310-017 Fogaça / PE"
Theodoro Barbosa,+55 (081) 7012-9506,956.783.142-46,"Pátio João Vitor da Rosa, 48, Vila Minaslandia, 12794-781 Siqueira dos Dourados / RR"
Cauê Carvalho,84 9382-9579,590.861.237-59,"Passarela de Pereira, 82, Leonina, 38462287 Vieira / AP"
